正字,異體字
一,壹弌
丁,
七,柒
万,卍萬
丈,
三,叁
上,丄
下,丅
不,
丐,匃
丑,醜
且,
丕,
世,丗卋
丘,㐀丠坵
丙,
丞,
丟,丢
両,两兩
並,并併竝
丫,
中,
丰,豐
串,
丸,
丹,
主,
丼,
乃,廼迺
久,乆
么,幺麼麽
之,
乍,
乎,
乏,
乒,
乓,
乖,
乘,乗
乙,
九,玖
乞,
也,
乩,
乳,
乾,干亁榦
亂,乱
了,暸瞭
予,余豫
事,亊
二,弍貮貳
于,扵於
云,雲
互,
五,㐅
井,
亙,亘
些,
亞,亚亜
亟,
亡,亾兦
亢,
交,
亥,
亦,
亨,
享,亯
京,亰
亭,
亮,
人,亻
什,
仁,忈
仃,停
仄,
仆,僕
仇,讎讐
今,
介,
仍,
仔,
仕,
他,她牠
仗,
付,
仙,僊
仞,仭
仟,千阡
代,
令,
以,㠯
仰,
仲,
仳,
件,
价,價
任,
份,彬
仿,倣彷髣
企,
伉,
伊,
伍,
伎,
伏,
伐,
休,
伕,夫
伙,夥
伯,
估,
伴,
伶,
伸,抻
伺,
似,
伽,
佃,
但,
佇,伫竚
佈,布
位,
低,仾
住,
佐,
佑,祐
佔,占
何,
佗,它
余,予餘
佛,仏彿
作,
佝,
佞,侫
你,伱妳
佣,傭
佩,
佬,
佯,
佰,百
佳,
併,并並倂𠊧
佻,
佾,
使,
侃,
侄,姪
來,来徠
侈,
例,
侍,
侏,
侖,仑崙
供,
依,
侮,㑄侮
侯,
侵,
侶,侣
侷,局
便,
係,系
促,
俄,
俊,儁
俎,爼
俏,
俐,
俑,
俗,
俘,
俚,
保,
俞,兪
俟,竢
俠,侠
信,伩
俬,私
修,脩
俯,頫
俱,倶
俳,
俵,
俸,
俺,
俾,
倀,伥
倆,俩
倉,仓
個,个箇
倌,
倍,
倏,倐
們,们
倒,
倔,
倖,幸
倘,儻
候,𠋫
倚,
借,藉
倡,
倣,仿
値,值直
倥,
倦,
倨,
倩,
倪,
倫,伦
倭,
值,値
偃,㫃
假,仮
偉,伟
偌,
偎,
偏,
偕,
做,
停,仃
健,徤
側,侧
偵,侦
偶,
偷,偸
偺,咱昝
傀,
傅,
傍,
傑,杰
傖,伧
傘,伞繖
備,备俻偹
傢,家
催,
傭,佣
傯,偬
傲,
傳,传伝
債,债
傷,伤
傻,儍
傾,倾
僅,仅
働,
像,
僑,侨
僕,仆
僖,
僚,
僞,偽伪
僥,侥儌徺
僧,僧
僭,僣
僮,
僱,雇
僵,殭
價,价価
僻,
儀,仪
儁,俊
儂,侬
億,亿
儈,侩
儉,俭倹
儐,傧
儒,
儔,俦
儘,侭尽
償,偿
儡,
優,优
儲,储
儷,俪
儼,俨
兀,
允,
元,
兄,
充,
兆,
兇,凶
先,
光,灮
克,剋
兌,兑
免,免
兒,儿児
兔,兎
兕,
兗,兖
党,黨
兜,
兢,
入,
內,内
全,㒰
兩,两両
八,捌
公,
六,
兮,𠔃
共,
兵,
其,丌亓
具,
典,
兼,
冀,
冉,冄
冊,册𠕁
再,
冑,胄伷
冒,冐
冕,
冗,宂
冠,
冢,塚
冤,寃
冥,
冬,鼕
冰,冫氷
冶,
冷,
冽,洌
凄,悽淒
准,準
凋,
凌,淩
凍,冻
凜,凛
凝,
几,幾機
凡,凢凣
凰,
凱,凯
凳,櫈
凶,㐫兇
凸,
凹,𠕄
出,岀齣
函,凾圅
刀,刂
刁,
刃,刄
分,
切,
刈,苅
刊,刋
刎,
刑,
划,劃畫
列,
初,
判,
別,别
刨,鉋
利,𥝢
刪,删
刮,颳
到,
制,製
刷,㕞
券,劵
刹,剎
刺,刾
刻,
剁,刴
剃,鬀
則,则
削,
剋,克尅
剌,
前,
剎,刹
剔,
剖,
剛,刚
剜,
剝,剥
剥,剝
剩,剰賸
剪,翦
副,
割,
剴,剀
創,创刅刱剙戧
剷,铲剗鏟
剽,
剿,勦𠞰
劃,㓰划
劇,剧
劈,擗
劉,刘
劍,剑剣剱劒劔釖釼
劑,剂剤
力,
功,
加,
劣,
助,
努,
劫,刦刧刼
劬,
効,俲效
劾,
勁,劲
勃,艴
勇,
勉,勉
勒,
動,动
勗,勖朂
勘,
務,务
勛,勋勲勳
勝,胜
勞,劳労
募,
勢,势
勤,懃勤
勦,剿
勳,勛勋勲
勵,励劢
勸,劝勧
勺,
勻,匀
勾,句
勿,
匂,
包,勹
匆,怱悤
匈,
匍,
匏,瓟
匐,
匕,
化,
北,
匙,鍉
匝,帀迊
匠,
匡,
匣,
匪,
匯,汇滙
匱,匮
匹,疋
匾,
匿,
區,区
十,
千,仟韆
卅,
升,昇陞
午,
卉,芔
半,
卑,卑
卒,䘚卆
卓,
協,协勰恊旪
南,
博,愽
卜,蔔
卞,
占,佔
卡,
卦,
卮,巵
卯,夘戼
印,
危,
即,卽
卵,
卷,巻捲
卸,缷
卹,恤賉
卻,却
卽,即
卿,
厂,廠
厄,戹阨
厘,釐
厚,
厝,
原,
厥,
厭,厌
厲,厉历
去,
參,参叁叄叅蓡
叄,叁參
又,
叉,
及,
友,
反,
叔,尗
取,
受,
叛,
叟,傁叜
叢,丛樷
口,
古,
句,勾
另,
叨,饕
叩,
只,祇祗衹隻
叫,呌
召,
叭,
叮,
可,
台,檯臺颱
叱,
史,
右,
叵,尀
叶,葉
司,
叼,
吁,籲
吃,喫
各,
吆,
合,閤
吉,
吊,弔
吋,
同,仝衕
名,
后,後
吏,
吐,
向,嚮曏
吒,咤
君,
吝,恡悋
吞,呑
吟,唫
吠,
否,
吧,
吩,
含,
吭,
吮,
吱,
吳,吴呉
吵,
吶,呐訥
吸,噏
吹,龡
吻,呡肳
吼,
吾,
呀,
呂,吕
呃,
呆,獃騃
呈,
呉,吳
告,吿
呎,
呢,
周,賙週
呱,哌
味,
呵,嗬訶诃
呶,
呷,
呸,
呻,
呼,嘑虖謼
命,
咀,嘴觜
咄,
咆,
咋,
和,咊龢
咎,
咐,
咒,呪
咕,
咖,
咚,
咦,
咧,
咨,諮谘
咩,哶
咪,
咫,
咬,齩
咯,詻
咱,偺
咲,笑
咳,欬
咸,鹹
咻,
咽,嚥
哀,
品,
哂,吲
哄,閧鬨
哆,
哇,
哈,
哉,
哎,
員,员
哥,
哦,誐
哨,
哩,
哪,
哭,
哮,
哲,喆悊
哺,
哼,
唁,喭
唄,呗
唆,
唇,脣
唉,欸誒诶
唐,
唔,
唧,喞
唬,猇虓諕
售,
唯,
唱,
唳,
唷,唹
唸,念
唾,涶
啁,
啃,齦
啄,
商,
啊,
問,问
啓,啟启啔
啕,咷
啖,㗖啗噉
啜,欼歠諁
啞,哑唖瘂
啡,
啣,㘅
啤,
啥,
啦,
啪,
啻,
啼,嗁
啾,
喀,
喂,餧餵
喃,娚嫐諵
善,譱
喇,
喉,
喊,
喋,
喔,
喘,
喚,唤
喜,憙
喝,喝
喟,
喧,吅諠
喩,喻
喪,丧
喫,吃
喬,乔
單,单単
喱,
喲,哟
喳,
喻,喩
嗅,齅
嗆,呛
嗇,啬
嗎,吗
嗑,
嗓,
嗚,呜
嗜,
嗟,
嗡,
嗣,
嗤,
嗥,嘷嚎
嗦,
嗨,
嗯,
嗷,
嗽,瘶
嗾,
嘀,
嘆,歎叹嘆
嘈,䜊
嘉,
嘍,喽謱
嘎,尜
嘔,呕
嘖,啧
嘗,尝甞
嘛,
嘟,
嘩,哗譁
嘮,唠
嘯,啸嘨歗
嘰,叽
嘲,
嘴,咀觜
嘶,
嘹,
嘻,
嘿,默
噁,恶
噎,
噓,嘘
噗,
噙,
噢,
噤,
噥,哝
器,噐器
噩,
噪,喿譟
噫,
噬,
噯,嗳
噱,
噴,喷呠歕
噸,吨
噹,当𪠽
嚀,咛
嚅,
嚇,吓
嚎,嗥噑
嚏,嚔
嚐,尝
嚕,噜
嚥,咽
嚨,咙
嚮,向
嚴,严厳
嚶,嘤
嚷,
嚼,
囀,啭
囁,嗫讘
囂,嚣嚻
囈,呓
囉,啰罗
囊,嚢
囌,苏蘇
囑,嘱
囚,
四,
回,囘囬廻迴逥
因,
囤,𥫱
囪,囱
困,睏
固,
圃,
圈,圏
國,国囯圀
圍,围囲
園,园
圓,圆円圎
圖,图図圕
團,团団
土,
在,
圬,杇
圭,珪
圯,
地,
圳,
圾,
址,阯
坂,阪
均,
坊,
坍,
坎,埳
坏,坯壞
坐,座
坑,阬
坡,
坤,堃
坦,
坩,
坪,
坯,坏壊壞
坷,
坼,
垂,埀
垃,
型,
垛,垜
垠,圻
垢,
垣,
垮,
埂,
埃,
埋,
城,
埔,
域,㽣
埠,
埤,
執,执
培,
基,
埼,崎
堀,
堂,
堅,坚
堆,
堊,垩聖
堡,
堤,隄
堪,
堯,尧尭
堰,
報,报
場,场塲
堵,
塀,塀
塊,块凷
塌,
塑,塐
塔,㙮墖
塗,涂凃
塘,
塚,冢塚
塞,
塢,坞鄔隖隝
填,塡
塭,
塵,尘
塹,堑壍
塾,
墀,
境,
墅,
墊,垫
墓,
墜,坠
增,増
墟,
墨,墨
墩,墪
墮,堕
墳,坟坆
墻,墙廧牆
墾,垦
壁,
壅,
壇,坛
壑,
壓,压圧
壕,
壘,垒塁
壙,圹
壞,坏壊坯
壟,垄
壢,坜
壤,壌
壩,坝垻
士,
壬,
壯,壮
壹,壱一弌
壺,壶壷
壽,寿夀
夏,
夔,
夕,
外,
夙,
多,夛
夜,亱
夠,够彀
夢,梦夣
夤,
夥,伙
大,
天,靝
太,
夫,伕
夭,殀
央,
夯,䂫
失,
夷,
夸,誇
夾,夹
奄,
奇,竒
奈,柰
奉,
奎,㚝奞
奏,
奐,奂
契,
奔,犇逩
奕,弈
套,
奘,弉
奚,
奠,
奢,
奧,奥
奩,奁匳
奪,夺
奬,奖奨獎
奮,奋
女,
奴,
奶,妳嬭
奸,姦
她,他
好,
妁,
如,
妃,
妄,
妊,姙
妍,姸
妒,妬
妓,
妖,
妙,玅
妝,粧妆
妞,
妣,
妤,伃
妥,
妨,
妬,妒
妮,
妯,
妳,你奶嬭
妹,
妻,
妾,
姆,姥
姉,姊
姊,姉
始,
姍,姗
姐,
姑,
姒,
姓,
委,
姘,
姚,
姜,薑
姣,㚣
姥,姆
姦,奸
姨,
姪,侄
姫,姬
姬,姫
姻,婣
姿,
威,
娃,
娌,
娑,
娓,
娘,嬢孃
娛,娱娯
娜,
娟,姢
娠,㛛
娣,
娥,
娩,㝃嬎嬔
娯,娛
娶,
娼,
婀,娿
婁,娄
婆,
婉,
婊,
婚,
婢,
婦,妇媍
婪,
婷,
婿,壻聟
媒,
媚,
媛,
媲,
媳,
媼,媪
媽,妈
媾,
嫁,
嫂,
嫉,𡜱
嫋,裊袅嬝
嫌,
嫖,
嫗,妪
嫘,
嫡,
嫣,
嫦,
嫩,媆𡞾
嫵,妩娬
嫺,嫻娴
嬉,
嬋,婵
嬌,娇撟
嬝,嫋袅裊
嬤,嬷
嬪,嫔𡣕
嬰,婴孾
嬴,
嬸,婶
孀,霜
孃,娘嬢
子,
孑,
孓,
孔,
孕,
字,
存,
孚,孵
孜,
孝,
孟,
季,
孤,
孩,
孫,孙
孰,
孱,
孳,孶
孵,孚
學,学斈
孺,
孽,孼
孿,孪
它,佗牠
宅,
宇,
守,
安,
宋,
完,烟煙
宏,
宗,
官,
宙,
定,
宛,
宜,冝宐
客,
宣,
室,
宥,
宦,
宮,宫
宰,
害,
宴,讌
宵,
家,傢
宸,
容,
宿,㝛
寀,采
寂,
寄,
寅,
密,宻
寇,冦宼
富,冨
寐,
寒,
寓,庽
寞,
察,詧
寡,關
寢,寝
寤,
寥,
實,实実寔
寧,宁寍寕寜𡨴
寨,砦
審,审
寫,写冩
寬,宽寛
寮,
寵,宠𠖥
寶,宝寳
寸,
寺,
封,
射,
將,将𤕭
專,专専耑
尉,
尊,
尋,寻
對,对対
導,导
小,
少,
尖,
尙,尚
尚,尙
尤,
尬,
就,
尷,尴尲
尸,屍
尹,
尺,
尻,䯌
尼,
尾,
尿,溺脲
局,侷
屁,
居,㞐
屆,届
屈,
屋,
屍,尸
屎,
屏,屛摒
屐,
屑,
展,
屛,屏摒
屜,屉𡲕
屠,
屢,屡
層,层層
履,
屬,属𡱆
屯,
山,
屹,
岌,
岐,歧
岑,
岔,
岡,冈
岩,巖巌
岫,峀
岬,
岱,
岳,嶽
岷,
岸,
峙,
峠,
峨,峩
峪,
峭,陗
峯,峰
島,岛嶋嶌㠀
峻,
峽,峡
崁,
崆,
崇,崈
崎,埼嵜碕
崑,昆崐
崔,磪
崖,厓崕
崗,岗
崙,仑𪨧侖崘
崛,
崢,峥
崩,
嵌,
嵐,岚
嵩,崧
嶄,崭巉
嶇,岖㠊
嶝,磴
嶺,岭
嶼,屿
嶽,岳
巍,魏
巒,峦
巔,巅巓
巖,岩巌
川,巛
州,
巡,廵
巢,巣
工,
左,
巧,
巨,鉅钜
巫,
差,
己,
已,巳
巳,已
巴,笆芭
巷,
巽,巺
巾,
市,
布,佈
帆,㠶
希,
帑,
帕,
帖,
帘,簾
帚,箒菷
帛,
帝,
帥,帅
師,师
席,蓆
帳,帐賬账
帶,带帯
帷,
常,
帽,
幀,帧
幅,
幌,
幔,
幕,幙
幗,帼
幛,
幟,帜旘
幢,橦
幣,币幤
幫,帮幇幚
干,乾幹
平,
年,
并,並併幷
幸,倖
幹,干
幺,么
幻,
幼,
幽,凼
幾,几
广,廣
庇,
序,
底,㡳
庖,
店,坫
庚,
府,
庠,
度,
座,坐
庫,库
庭,
庵,菴
庶,庻
康,
庸,㐯𠆌
庾,斞
廁,厕厠
廂,厢
廈,厦
廉,亷
廊,廊
廓,
廕,荫蔭
廖,
廚,厨
廝,厮㒋
廟,庙庿
廠,厂厰
廢,废廃
廣,广広
廬,庐𪪏
廳,厅庁厛廰
延,
廷,
建,
廿,卄廾
弁,瓣辧辨辯
弄,
弈,奕
弊,𡚁
式,
弒,弑
弓,
弔,吊
引,
弗,
弘,
弛,
弟,
弦,絃
弧,
弩,
弭,
弱,
張,张
強,强彊
弼,
彆,别
彈,弹弾
彌,弥瀰𢏏
彎,弯
彔,录
彗,篲
彙,汇彚
彝,彛彜彞
彞,彝
形,
彤,
彥,彦
彩,綵
彪,
彫,雕㓮
彬,份斌
彭,
彰,
影,
彷,仿徬髣
役,
彼,
彿,佛髴
往,徃
征,徵
待,
徇,
很,
徊,
律,
後,后
徐,
徑,径俓迳逕
徒,𨑒
得,
徘,
徙,
從,从従
御,禦馭
徨,遑
復,复複覆
循,
徬,彷
微,
徵,征徴
德,徳悳惪
徹,彻澈
徽,
心,㣺忄
必,
忌,
忍,㣼
忖,
志,誌
忘,
忙,
忝,
忠,
快,
忱,
念,唸
忽,
忿,
怎,
怏,
怒,
怔,
怕,
怖,
思,
怠,
怡,
急,
性,
怨,
怪,恠
怯,
怵,
恃,
恆,恒
恍,怳
恐,𢙢
恕,
恙,
恢,
恣,
恤,卹賉
恥,耻
恨,
恩,摁
恪,
恫,
恬,
恭,
息,
恰,
恿,慂
悄,
悅,悦
悉,
悌,
悍,
悔,悔
悖,
悚,𢥠
悟,
悠,滺
患,
您,
悲,
悴,忰
悵,怅
悶,闷㥃懣
悸,
悻,
悼,
悽,凄淒
情,
惆,
惋,
惑,
惕,悐
惘,
惚,
惜,
惟,
惠,恵
惡,恶悪𢙣
惦,
惧,懼
惰,
惱,恼悩
想,
惴,
惶,
惹,
惺,𢜫
惻,恻
愀,
愁,
愈,愉癒
愉,愈
愎,
意,
愕,
愚,
愛,爱
愜,惬
感,
愣,
愧,媿
愴,怆
愼,慎昚眘
愾,忾
愿,願
慄,栗
慇,
慈,㤵
態,态
慌,
慍,愠
慎,愼
慕,
慘,惨
慙,慚
慚,惭慙
慝,
慟,恸憅
慢,
慣,惯
慧,
慨,慨
慫,怂
慮,虑
慰,
慳,悭
慶,庆
慷,忼
慼,戚慽
慾,欲
憂,忧
憊,惫
憋,𢠳
憎,憎
憐,怜
憑,凭凴𠗦
憔,顦
憚,惮
憤,愤
憧,
憨,
憩,憇
憫,悯愍
憬,
憲,宪
憶,忆
憾,
懂,
懇,恳
懈,
應,应応
懊,
懍,懔
懞,蒙朦矇苎
懣,懑㥃悶
懦,
懲,惩懲
懵,懜
懶,懒嬾
懷,怀懐怌
懸,悬
懺,忏懴
懼,惧
懾,慑
懿,
戀,恋
戈,
戊,
戌,
戍,
戎,
成,
我,
戒,
戕,
或,
戚,慼慽鏚
戛,戞
戟,㦸
戡,
戢,
截,
戮,
戰,战𢧐戦
戱,戯戲
戲,戏戯戱
戳,
戴,
戶,户戸
戾,戻
房,
所,
扁,碥
扇,搧煽
扈,
扉,
手,扌
才,纔
扎,紥紮
扒,
打,
扔,
托,拓託
扛,摃
扣,釦
扭,
扮,
扯,撦
扱,插
扳,攀
扶,
批,
扼,㧖搤
找,
承,
技,
抄,
抉,刔
把,
抑,
抒,
抓,
投,
抖,
抗,
折,摺
抨,
披,
抱,抔
抵,扺牴
抹,
押,
抽,𢭆
抿,㨉
拂,払
拄,
拆,
拇,𧿹
拈,
拉,柆
拋,抛
拌,
拍,
拎,
拐,枴柺
拒,
拓,托摭
拔,抜
拖,拕
拗,抝
拘,
拙,
拚,抃𢬵
招,
拜,拝
括,
拭,𢂑
拮,
拯,抍
拱,
拳,
拴,揎
拶,
拷,
拼,摒
拽,
拾,
拿,拏挐
持,
挂,掛
指,
挈,
按,
挎,
挑,
挖,
挨,捱
挪,
挫,繲
振,
挺,
挽,輓
挾,挟
捂,
捅,
捆,綑
捉,
捌,八
捍,扞
捎,
捏,揑
捐,
捕,
捗,
捧,
捨,舍
捩,
捫,扪
据,據
捱,挨
捲,卷巻
捶,搥箠
捷,
捺,
捻,
掀,
掂,敁
掃,扫埽
掄,抡
授,
掉,
掌,
掏,搯
掐,𠜼
排,
掖,
掘,撅
掙,挣
掛,挂
掠,
採,采
探,
掣,
接,
控,
推,
掩,揜
措,
掬,匊
掰,
揀,拣
揆,
揉,
揍,
描,
提,
插,挿扱揷
揖,
揚,扬
換,换
握,
揣,
揩,
揪,揫
揭,掲
揮,挥
援,
揹,背
損,损
搏,
搓,
搔,掻
搖,摇揺
搗,捣擣
搜,捜蒐𢯱𢲷
搞,攪
搪,傏
搬,搫
搭,搨撘
搶,抢
携,攜
搽,
搾,
摑,掴
摒,屏屛拼
摔,
摘,
摟,搂
摧,
摩,
摯,挚
摳,抠
摸,
摹,
摺,折
摻,掺
撇,撆
撈,捞
撐,撑
撒,
撓,挠
撕,
撚,
撞,
撤,
撥,拨
撩,
撫,抚拊捬
撬,
播,
撮,
撰,
撲,扑
撻,挞
撼,
撿,捡
擁,拥
擂,
擄,掳虜
擅,
擇,择択
擊,击撃
擋,挡攩
操,
擎,
擒,捦
擔,担
擘,
據,据拠
擠,挤
擡,抬
擦,
擧,挙舉
擬,拟儗
擰,拧
擱,搁
擲,掷擿
擴,扩拡
擺,摆
擻,擞
擾,扰
攀,㐴扳
攆,撵
攏,拢
攔,拦
攘,
攙,搀
攜,携
攝,摄摂
攣,挛
攤,摊
攪,搅撹搞
攫,
攬,揽㩜擥
支,
收,収㧃
改,
攻,
放,
政,
故,
效,効俲
敎,教
敏,勄敏
救,
敕,勅勑
敖,
敗,败䢙
敘,敍叙
教,敎
敝,
敞,
敢,
散,
敦,惇
敬,
敲,
整,
敵,敌
敷,尃旉
數,数
斂,敛歛
斃,毙
文,
斌,彬
斐,
斑,
斕,斓
斗,鬥
料,
斜,
斟,
斡,
斤,觔
斥,㡿
斧,
斫,
斬,斩
斯,
新,
斷,断𣃔
方,
於,于亏扵
施,
旁,
旅,
旋,
旌,
旎,
族,
旖,
旗,旂
既,旣
旣,既
日,
旦,蛋
旨,
早,
旬,
旭,旮旯
旱,
旺,
昀,
昂,昻
昆,崑
昇,升
昌,
明,朙
昏,昬
易,
昔,
星,
映,暎
春,萅
昧,
昨,
昭,
是,昰
時,时旹
晃,晄
晉,晋
晌,
晏,
晒,曬
晚,晩
晝,昼
晤,
晦,
晨,
普,
景,
晰,晢晳
晴,
晶,
智,
晾,
暇,
暈,晕
暉,晖
暑,暑
暖,煖
暗,晻闇
暢,畅昶
暨,曁
暫,暂
暮,
暴,虣
暹,
曆,历暦厤歴歷
曇,昙
曉,晓暁
曏,向
曖,暧瞹
曙,
曜,燿耀
曝,
曠,旷昿
曦,
曬,晒
曰,
曱,
曲,麴
曳,曵
更,㪅
曷,
書,书
曹,曺
曼,㬅
曾,曽
替,
最,
會,会
月,
有,
朋,
服,
朔,
朕,
朗,朖朗
望,朢
朝,晁
期,朞
朦,懞矇苎蒙
朧,胧
木,
未,
末,
本,夲
札,剳箚
朮,术
朱,硃
朴,樸
朵,朶
机,機
朽,
杆,桿
杉,
李,
杏,
材,
村,邨
杖,
杜,
杞,
束,
杠,槓
杧,芒
杭,
杯,桮盃
杰,傑
東,东
杳,
杵,
杷,朳
松,枀枩鬆
板,版闆
极,極
枇,
枉,
枋,
析,
枕,
林,
枚,
果,菓
枝,
枠,
枯,
枴,拐柺
架,榢
枸,
柄,棅
柏,栢
某,厶
柑,
柒,七漆
染,
柔,
柚,櫾
柜,櫃
柞,
查,査楂
柩,柾
柬,
柯,
柱,
柳,檉
柴,茈
柵,栅
柺,枴拐
査,查
柿,枾
栃,
栓,
栗,慄
校,
栩,
株,
核,覈
根,
格,
栽,
桀,
桁,航
桂,
桃,
桅,
框,
案,
桌,
桐,
桑,桒
桓,
桔,
桶,
桿,杆
梁,樑
梃,
梅,楳梅
梆,
梓,
梔,栀
梗,
梘,枧
條,条糶
梟,枭鴞
梢,
梧,
梨,棃
梭,
梯,
械,
梱,
梳,
梵,
棄,弃
棉,
棋,棊碁
棍,
棒,
棕,㯶椶
棗,枣
棘,
棚,
棟,栋
棠,
棣,
棧,栈桟
森,
棱,稜楞
棲,栖
棵,
棹,櫂
棺,
椅,
植,
椎,槌
椒,茭
椰,㭨
椿,
楊,杨
楓,枫
楔,
楚,椘
楞,棱稜
楠,枏枬
楨,桢
楫,檝艥
業,业
極,极
楷,
楹,
概,槩槪
榆,楡
榔,
榕,
榘,矩
榛,亲
榜,
榦,干乾
榨,醡
榫,
榭,
榮,荣栄
榴,橊
榷,
榻,
槁,槀
構,构搆
槌,棰椎
槍,枪
槐,
槓,杠篢
槤,梿
槨,椁
槪,㮣概
槳,桨
槽,
樁,桩
樂,乐楽
樅,枞
樊,棥
樑,梁
樓,楼
標,标
樞,枢
樟,
模,
樣,样様
樵,
樸,朴
樹,树
樺,桦
樽,墫罇
橄,
橇,鞒鞽
橋,桥
橘,
橙,
機,机几
橡,
橢,椭楕
橫,横
檀,
檄,
檐,簷
檔,档欓
檜,桧栝
檢,检検
檬,
檯,枱台儓
檳,槟㯽梹
檸,柠
檻,槛
櫂,棹
櫃,柜樻鐀饋
櫓,橹㯭樐舮舻艣艪艫
櫚,榈
櫛,栉
櫝,椟匵
櫥,橱櫉
櫻,樱桜
欄,栏欄
權,权権
欖,榄
欠,缺
次,
欣,忻
欲,慾
欺,
欽,钦
款,欵
歇,
歉,
歌,謌
歎,叹嘆
歐,欧
歙,
歟,欤
歡,欢歓懽
止,
正,
此,
步,歩
武,
歧,岐
歪,
歲,岁歳亗嵗𡻕
歷,历歴厯曆
歸,归帰皈
歹,歺
死,
歿,殁
殃,䄃
殆,
殉,侚狥
殊,
殖,
殘,残
殤,殇
殭,僵
殮,殓
殯,殡
殲,歼殱
段,
殷,
殺,杀殺
殼,壳殻㱿
殿,
毀,毁
毁,毀燬譭
毅,
毆,殴
毋,
母,
每,毎
毒,
毓,
比,
毗,毘
毛,
毫,
毯,
毽,
氈,毡氊
氏,
氐,
民,
氓,甿
氖,
氛,
氟,
氣,气気炁
氤,絪
氦,
氧,
氨,
氫,氢
氮,
氯,綠
氳,氲
水,氵
氷,冫冰
永,
氾,泛
汀,
汁,
求,
汎,泛
汐,
汕,
汗,
汛,
汝,
汞,
江,
池,
污,汙汚洿
汨,
汪,
汰,
汲,
決,决
汽,
汾,
沁,
沃,
沅,厵
沈,沉瀋
沉,沈瀋
沌,
沐,
沒,没
沖,冲
沙,
沛,
沫,
沮,
沱,沲
河,
沸,㵒
油,
治,
沼,
沽,
沾,
沿,
況,况湟
泄,洩渫
泅,
泉,洤
泊,泺濼
泌,
泓,
法,
泗,
泛,氾汎
泡,
波,
泣,
泥,坭
注,註
泰,
泱,
泳,
泵,
洋,
洌,冽
洗,
洛,
洞,峒
津,
洪,洚
洱,
洲,
洶,汹
活,
洽,
派,
流,
浙,
浚,濬
浦,
浩,澔
浪,
浬,
浮,
浴,
海,海
浸,
涂,塗
涇,泾
消,
涉,渉
涌,湧
涎,㳄
涓,
涕,䶏洟
涮,
涯,
液,
涵,
涸,凅
涼,凉鿌
淀,澱
淄,湽
淅,
淆,殽
淇,
淋,
淌,
淑,
淒,凄悽
淘,
淙,
淚,泪涙
淞,
淡,澹
淤,
淨,净浄凈
淩,凌
淪,沦
淫,婬
淮,
深,
淳,湻
淵,渊渕
混,
淸,清
淹,渰
淺,浅
添,
清,淸
渙,涣
渚,陼渚
減,减
渝,
渠,
渡,
渣,
渤,
渥,
渦,涡
測,测
渭,
港,
渲,
渴,渇
游,逰遊
渺,
渾,浑
湃,
湊,凑
湍,
湔,
湖,
湘,
湛,
湧,涌
湮,
湯,汤
溉,摡漑
源,厵
準,准凖
溘,
溜,澑
溝,沟
溢,
溥,
溪,渓
溫,温
溯,㴑泝遡
溶,
溺,尿氼
溼,濕湿
滂,
滄,沧
滅,灭烕
滇,
滋,
滌,涤
滑,磆
滓,
滔,
滬,沪
滯,滞
滲,渗
滴,
滷,卤
滾,滚
滿,满満
漁,渔䱷
漂,
漆,㯃柒桼
漏,
漓,灕
演,
漕,
漠,
漢,汉漢
漣,涟
漩,
漪,
漫,澷
漬,渍
漯,
漱,潄
漲,涨
漳,
漸,渐
漾,瀁
漿,浆𤕯
潑,泼溌
潔,洁
潘,
潛,潜濳
潟,澙
潢,
潤,润
潦,
潭,
潮,
潰,溃
潸,𣽽
潺,
潼,
澀,涩渋澁濇瀒
澄,澂
澆,浇
澇,涝
澈,徹
澎,
澗,涧㵎磵
澡,
澤,泽沢
澧,
澱,淀
澳,襖𥜌
澹,淡
激,
濁,浊
濂,
濃,浓
濘,泞
濛,蒙霥靀
濟,济済
濠,
濡,
濤,涛
濫,滥
濬,浚
濯,
濱,滨浜濵瀕
濺,溅
濾,滤沪
瀆,渎涜
瀉,泻
瀋,沈渖沉
瀏,浏嚠
瀑,
瀕,濒濱濵
瀚,
瀛,
瀝,沥
瀟,潇
瀧,泷滝
瀨,濑瀬
瀰,㳽弥彌
瀾,澜
灌,潅
灑,洒
灕,漓
灘,滩潬
灣,湾
灤,滦欒
火,灬
灰,
灸,
灼,
災,灾烖菑
炊,
炎,
炒,
炕,
炙,
炫,
炬,
炭,
炮,炰砲礮
炯,烱
炳,
炸,煠
烈,
烊,煬
烏,乌
烘,灴
烙,
烤,
烹,
烽,
焉,
焊,
焗,
焙,
焚,
無,无橆
焦,焳
焰,焔燄
然,
煉,炼錬
煌,
煎,
煙,烟完菸
煜,
煞,
煤,
煥,焕烉
煦,喣
照,炤
煨,
煩,烦
煬,炀烊
煮,煑煮
煲,
煽,扇搧
熄,
熊,
熏,燻薰𤑕
熒,荧
熔,鎔
熙,煕熈
熟,
熨,㷉
熬,
熱,热𤍠
熹,熺
熾,炽
燃,
燄,焰
燈,灯
燉,炖
燎,
燐,㷠粦
燒,烧焼簫
燕,讌醼鷰
燙,烫
燜,焖
營,营営
燥,
燦,灿
燧,
燬,毁
燭,烛
燮,
燴,烩
燻,熏
燼,烬
爆,
爍,烁
爐,炉
爛,烂燗
爨,
爪,㕚爫
爬,
爭,争
爰,
爲,為为
爵,
父,
爸,
爹,
爺,爷
爻,
爽,
爾,尔尒尓
牀,床
牆,墙墻廧
片,
版,板
牌,
牒,
牖,
牘,牍
牙,
牛,牜
牝,
牟,麰
牠,他它
牡,
牢,
牧,
物,
牯,
牲,
牴,抵羝觝
特,
牽,牵
犀,
犁,犂
犄,
犒,
犖,荦
犛,牦氂髦
犢,犊
犧,牺犠
犬,犭
犯,
狀,状
狂,
狄,
狎,
狐,
狗,
狙,
狠,
狡,
狩,
狷,獧
狸,貍
狹,狭陜
狼,
狽,狈
猓,
猖,
猙,狰
猛,
猜,
猥,
猩,
猴,
猶,犹
猷,
猾,獪
猿,猨蝯
獄,狱
獅,狮
獎,奖奬
獐,麞
獗,
獨,独
獰,狞
獲,获
獵,猎猟𤢪
獷,犷
獸,兽獣
獺,獭
獻,献
玀,猡
玄,伭
玆,兹茲
率,
玉,
王,
玖,九
玟,玫珉
玨,
玩,
玫,玟
玲,
玳,瑇
玷,
玻,
珀,
珊,
珍,珎
珠,
班,
珮,
現,现
球,毬
琅,瑯
理,
琉,瑠璢
琊,
琍,
琢,琢
琥,
琦,
琪,
琳,
琴,
琵,
琶,
琺,珐
琿,珲
瑁,
瑕,
瑙,碯
瑚,
瑛,
瑜,
瑞,
瑟,
瑠,琉璢
瑣,琐
瑤,瑶
瑩,莹
瑪,玛
瑯,琅
瑰,
璀,
璃,瓈
璋,
璜,
璣,玑
璦,瑷
璧,
璨,
璩,
環,环
璽,玺壐
瓊,琼
瓏,珑
瓜,
瓠,
瓢,
瓣,弁
瓤,
瓦,
瓶,甁缾
瓷,甆磁
甄,
甌,瓯
甕,瓮罋
甘,
甚,
甜,甛
生,
產,产産
甥,
甦,苏穌
用,
甩,
甫,
甬,埇
甭,
甯,宁寗
田,
由,
甲,
申,
甴,
男,
甸,
町,圢甼
甽,畎
界,堺畍
畏,
畑,
畓,
畔,
留,畄畱
畚,
畜,
畝,亩畆畒畮
畢,毕
略,畧
畦,
番,蹯
畫,划画畵
異,异
畵,画畫
當,当
畸,
畿,
疆,畺
疇,畴
疊,叠畳曡疉迭
疋,匹
疎,䟽疏踈
疏,䟽疎踈
疑,
疙,
疚,
疝,
疤,
疥,
疫,
疲,
疳,
疵,
疹,胗
疼,
疽,
疾,
病,
症,癥
痊,
痔,
痕,
痘,
痙,痉
痛,
痞,
痠,酸
痢,
痣,
痰,
痱,
痲,痳
痳,痲
痹,痺
痿,
瘀,
瘁,
瘉,癒
瘋,疯
瘍,疡
瘓,痪
瘟,
瘠,
瘡,疮
瘤,癅
瘦,痩
瘧,疟
瘩,
瘴,
瘸,
療,疗
癆,痨
癌,
癒,愈瘉
癖,
癘,疠
癟,瘪
癡,痴
癢,痒
癥,症
癩,癞
癬,癣
癮,瘾
癱,瘫
癲,癫瘨
癸,
登,豋
發,发発彂
白,
百,佰
皁,皂
皂,皁
的,
皆,
皇,
皈,歸
皎,㿟皦
皓,皝顥
皖,晥
皚,皑
皮,
皰,疱
皴,
皺,皱縐
皿,
盂,
盃,杯
盆,
盈,
益,
盍,盇
盎,
盒,
盔,
盛,
盜,盗
盞,盏
盟,
盡,尽
監,监
盤,盘
盥,
盧,卢
盪,荡蕩蘯
目,
盯,
盲,
直,値
相,
盹,
盼,
盾,
省,
眉,
看,
眞,真
真,眞
眠,
眨,
眩,
眯,
眶,
眷,
眸,
眺,
眼,
着,著
睇,
睏,困
睛,
睜,睁
睞,睐
睡,
督,
睥,
睦,
睨,
睪,睾
睫,䀹
睬,
睹,覩
睽,
睾,睪皋
睿,叡
瞄,
瞅,矁
瞇,
瞌,
瞎,
瞑,
瞞,瞒
瞟,
瞠,瞪
瞥,苤
瞧,
瞪,眙瞠
瞬,䀢
瞭,了暸
瞰,矙
瞳,
瞻,
瞽,
瞿,䀠
矇,蒙懞朦苎
矓,眬
矗,
矚,瞩
矛,
矜,
矢,笶
矣,
知,
矩,榘
短,
矮,躷
矯,矫
石,𥐘
矽,
砂,
砌,
砍,
研,揅硎硏
砝,
砥,厎
砧,碪
砭,
砰,
砲,炮礮
破,
砷,
砸,
硃,朱
硅,
硏,研
硝,
硫,
硬,峺
确,確
硯,砚
硼,
碁,棊棋
碉,
碌,
碎,砕
碑,碑
碗,椀盌
碘,
碟,
碧,
碩,硕
碰,掽
碳,
確,确
碼,码
碾,
磁,瓷𥔵
磅,
磊,磥
磋,
磐,
磕,
磚,砖甎
磨,
磬,
磯,矶
磴,嶝
磷,
磺,
礁,
礎,础
礙,碍㝵
礦,矿砿鉱鑛
礪,砺
礫,砾
礬,矾
示,礻
社,社
祀,
祁,
祆,
祇,只
祈,祈
祉,祉
祐,佑祐
祕,秘
祖,祖
祗,只
祚,
祝,祝
神,神
祟,
祠,
祥,祥
票,
祭,
祺,禥
祿,禄
禁,
禍,祸禍
禎,祯禎
福,福
禦,御
禧,
禪,禅
禮,礼
禱,祷禂
禹,
禽,
禾,
禿,秃
秀,
私,俬厶
秉,
秋,䆋秌穐鞦龝
种,種
科,
秒,
租,
秣,
秤,
秦,
秧,
秩,
秸,稭
移,迻
稀,
稅,税
稈,秆
程,
稍,
稔,
稚,䕌稺穉
稟,禀廩廪
稠,
種,种
稱,称偁穪
稷,
稻,稲
稼,
稽,𥡞
稿,槀稾
穀,谷糓穀
穆,𥠇
穌,稣甦
積,积
穎,颖頴
穗,穂繐
穡,穑
穢,秽
穩,稳穏㒚
穫,获檴
穴,
究,
穹,
空,
穿,
突,宊突
窄,
窈,
窒,
窓,䆫牕窗窻
窕,
窖,窌
窗,䆫牕窓窻
窘,
窟,
窠,
窩,窝
窪,洼
窮,穷竆
窯,窑窰
窺,窥
窿,
竄,窜
竅,窍
竇,窦
竈,灶
竊,窃
立,
站,
竝,並
竟,
章,
竣,
童,
竭,
端,
競,竞竸誩
竹,
竺,
竽,
竿,𣔼
笆,巴
笑,咲𥬇
笙,
笛,篴
笞,
笠,
符,
笨,㤒
第,
筆,笔
等,朩
筋,觔
筍,笋
筏,栰
筐,筺
筑,築
筒,
答,荅
策,筞
筠,
筵,
筷,
箇,个個
箋,笺牋
箏,筝
箔,
箕,
算,祘筭
箝,鉗钳
管,筦
箭,
箱,
箴,針鍼
箸,筯著
節,节節
篁,
範,范
篆,
篇,
築,筑
篙,
篛,箬
篡,簒
篤,笃
篩,筛簁簛
篷,
篾,
簇,
簍,篓
簑,蓑簔
簞,箪
簡,简耕
簣,篑籄蕢
簧,
簪,𬖂
簫,箫燒箾簘
簷,檐
簸,
簽,签
簾,帘𢅏𢅖
簿,
籃,篮箖
籌,筹
籍,
籐,籘藤
籟,籁
籠,笼篭
籤,签籖
籬,篱
籮,箩
籲,吁龥𥸤
米,
籽,
粉,
粒,
粕,
粗,觕麁麄麤
粘,黏
粟,
粥,鬻
粱,
粳,秔稉
粵,粤
粹,粋
精,
糉,粽糭
糊,
糕,餻
糖,餹
糙,㿷
糜,
糞,粪
糟,醩
糠,穅
糢,
糧,粮
糯,稬穤粫𥻟
糰,团䊜
糸,糹絲纟
系,係繫
糾,纠糺
紀,纪
紂,纣
約,约
紅,红
紇,纥
紉,纫
紊,
紋,纹
納,纳
紐,纽
純,纯
紕,纰
紗,纱
紙,纸帋
級,级𨸚
紛,纷
紜,纭
素,
紡,纺
索,
紫,
紮,扎紥
累,纍
細,细
紳,绅
紹,绍佋
紺,绀
紼,绋
絀,绌
終,终
絃,弦
組,组
絆,绊
結,结
絕,绝絶
絞,绞
絡,络
絢,绚
給,给
絨,绒
絮,
統,统綂
絲,丝糸纟
絹,绢
綁,绑
綏,绥
綑,捆
經,经経𦀇
綜,综
綞,缍
綠,绿緑氯
綢,绸紬
維,维
綰,绾
綱,纲
網,网
綳,绷繃
綴,缀
綵,䌽彩
綸,纶
綺,绮
綻,绽䘺
綽,绰
綾,绫
綿,绵緜
緇,缁
緊,紧
緋,绯
緒,绪緖
緖,緒
緘,缄
線,线缐綫
緝,缉
緞,缎
締,缔
緣,缘縁
編,编
緩,缓
緬,缅
緯,纬
練,练練
緻,致
縈,萦
縊,缢
縑,缣
縛,缚
縣,县県
縫,缝
縮,缩
縱,纵縦
縲,缧纝
縴,纤
縷,缕
總,总総捴揔搃摠緫縂𢰾
績,绩
繁,緐繁
繃,绷綳
繅,缫繰
繆,缪
繐,穗
織,织
繕,缮
繚,缭
繞,绕遶
繡,绣繍綉
繩,绳縄䋲
繪,绘絵缋
繫,系繋
繭,茧
繮,韁缰
繰,缲繅
繳,缴
繹,绎
繼,继継
繽,缤
纂,
續,续続
纏,缠纒
纓,缨
纔,才
纖,纤繊纎
纜,缆䌫
缶,罐
缸,堈罁
缺,欠
罄,
罈,坛墰壜
罐,缶礶鑵
罔,网
罕,
罟,
罩,䈇
罪,辠
置,寘
罰,罚罸
署,署
罵,骂傌駡
罷,罢
罹,
羅,罗
羈,羁羇覉覊
羊,
羋,芈
羌,羗
美,羙
羔,
羚,
羞,
羣,群
羨,羡
義,义
羯,
羲,
羶,膻羴
羸,
羹,羮
羽,
羿,
翁,
翅,翄
翌,
翎,
習,习
翔,
翕,
翟,
翠,翆
翡,
翩,
翰,
翱,翶翺
翳,
翹,翘
翻,繙飜
翼,
耀,曜燿
老,耂
考,攷
者,者
耆,
而,
耍,
耐,耏
耒,
耕,畊簡
耗,秏
耘,秐
耙,鈀
耜,
耳,
耶,
耽,躭
耿,炅炔
聆,
聊,
聖,圣垩堊
聘,
聚,
聞,闻
聯,联聨聫聮
聰,聪聡聦
聱,
聲,声
聳,耸
聶,聂
職,职軄
聽,听聴聼
聾,聋
聿,肀
肄,
肅,肃粛
肆,
肇,肈
肉,宍
肋,
肌,
肓,
肖,
肘,
肚,
肛,
肝,
股,脵𦙶
肢,胑
肥,
肩,
肪,
肫,
肯,肻
肱,厷
育,
肴,餚
肺,
胃,
胄,伷冑
背,揹
胎,
胖,
胚,肧
胛,
胜,勝
胞,脬
胡,衚鬍
胤,
胥,
胭,臙
胰,
胱,
胳,肐𩨘
胴,
胸,胷
能,
脂,
脅,胁脇
脆,脃
脇,脅
脈,脉衇
脊,
脖,
脣,唇
脩,修
脫,脱
脯,
脹,胀痮
脾,
腆,
腊,臈臘
腋,
腎,肾
腐,
腑,
腔,
腕,𦙵
腥,
腦,脑脳匘
腫,肿尰
腮,顋
腰,𦝫
腱,
腳,脚
腸,肠膓
腹,
腺,
腿,骽
膀,
膈,
膊,
膏,
膚,肤
膛,
膜,
膝,
膠,胶
膨,
膩,腻
膳,饍
膺,
膽,胆
膾,脍鱠
膿,脓
臀,
臂,
臃,
臆,
臉,脸
臊,𦞣
臍,脐
臏,膑髌髕
臘,腊臈
臚,胪髗
臟,脏臓
臣,
臥,卧
臧,
臨,临
自,
臬,
臭,臭
至,
致,緻
臺,台
臻,
臼,
臾,
舀,抌
舂,
舅,
與,与
興,兴㒷
舉,举挙㪯擧
舊,旧
舌,
舍,捨舎
舎,舍
舐,舓
舒,
舔,餂
舖,舗鋪
舗,舖鋪
舛,
舜,
舞,
舟,
舢,
舨,
航,桁
舫,
般,
舵,柁
舶,艊
舷,
船,舩
艇,
艘,
艙,舱
艦,舰
艮,
良,
艱,艰
色,
艶,艳艷豓豔
艷,艳艶豓豔
艾,
芋,
芍,
芒,杧
芙,
芝,
芟,𠚹
芥,
芬,
芭,巴
芯,
花,蘤
芳,
芹,
芻,刍蒭𦷝
芽,
苑,菀
苒,
苓,
苔,薹
苗,
苛,
苜,
苞,
苟,茍
苣,
若,
苦,
苧,苎薴
英,
苹,蘋
茁,
茂,楙
范,範
茄,
茅,泖茆
茉,
茗,
茨,
茫,
茬,
茱,
茲,兹玆
茴,
茵,
茶,
茸,
茹,
荀,
荃,
草,艸艹
荊,荆
荏,
荐,薦
荒,
荔,栛茘
荷,
荸,
荻,
荼,
莉,
莊,庄荘
莎,
莒,
莓,苺
莖,茎
莘,
莞,
莠,
莢,荚
莫,
莽,
菁,
菅,
菇,苽菰𦱄
菊,
菌,
菓,果
菜,
菠,
菩,
華,华崋
菰,苽菇
菱,
菲,
菴,庵
菸,煙烟
菽,
萃,
萄,
萊,莱
萋,
萌,萠
萍,
萎,荽
萬,万卍
萱,萲
萵,莴
萸,
萼,蕚𦹛
落,
葉,叶
著,着箸著
葛,
葡,
董,
葦,苇
葩,
葫,
葬,塟
葯,药藥
葵,
葷,荤
蒂,
蒐,搜
蒙,懞朦濛矇苎
蒜,
蒞,莅涖𦲷
蒲,莆
蒸,烝
蒼,苍
蒿,
蓀,荪
蓄,
蓆,席
蓉,
蓋,盖葢
蓑,簑
蓓,
蓬,
蓮,莲
蓿,
蔑,衊
蔓,
蔔,卜菔
蔗,
蔘,参
蔚,嶎
蔡,
蔣,蒋
蔥,葱
蔬,
蔭,荫䕃廕
蔽,芘菝萆
蕃,
蕈,
蕉,
蕊,蕋蘂
蕙,
蕨,
蕩,荡偒盪蘯
蕪,芜
蕭,萧
蕾,
薄,
薇,
薑,姜葁
薔,蔷
薛,
薜,
薦,荐
薩,萨
薪,
薯,藷
薰,熏薫
薹,苔
藉,借
藍,蓝
藏,蔵
藐,
藕,
藝,艺芸兿埶秇蓺
藤,籐
藥,药薬葯
藩,
藪,薮籔
藹,蔼
藺,蔺
藻,
蘆,芦
蘇,苏囌蘓
蘊,藴蕴
蘋,苹
蘑,藦
蘗,檘蘖
蘚,藓
蘭,兰
蘸,
蘿,萝
虎,乕
虐,䖈
虔,䖍
處,处処䖏
虛,虚
虜,虏擄虜
虞,𩦢
號,号
虧,亏
虫,蟲
虯,虬
虱,蝨
虹,
蚊,蚉螡蟁
蚌,
蚓,螾
蚣,
蚤,䖣
蚩,
蚪,虬
蚯,
蚱,
蚵,
蚶,
蛀,
蛄,蛌
蛆,𧐅
蛇,
蛋,旦疍蜑
蛔,蚘蛕蜖
蛙,鼃
蛛,鼄
蛟,
蛤,
蛭,
蛹,
蛻,蜕
蛾,
蜀,
蜂,蠭
蜃,
蜇,𧋍
蜈,
蜒,
蜓,
蜘,鼅
蜚,
蜜,
蜡,䄍蠟
蜢,
蜥,
蜴,
蜻,
蜿,
蝌,
蝕,蚀
蝗,
蝙,
蝟,猬
蝠,
蝦,虾鰕
蝨,虱
蝴,
蝶,蜨
蝸,蜗
螂,蜋
螃,
融,螎
螞,蚂
螟,
螢,萤蛍
螫,
螳,螗
螺,蠃
螻,蝼
蟀,蜶
蟆,蟇
蟈,蝈
蟋,
蟑,
蟒,蠎
蟬,蝉
蟯,蛲
蟲,虫
蟹,蠏
蟻,蚁螘
蠅,蝇蝿
蠍,蝎
蠔,蚝𧐢
蠕,
蠟,蜡蝋
蠡,
蠢,惷
蠣,蛎
蠱,蛊
蠶,蚕𧕽𧖟
蠹,蠧
蠻,蛮
血,
衆,眾众
衊,蔑
行,
衍,
術,术
衕,同
街,亍
衙,
衚,胡
衛,衞卫
衝,冲𧘂
衡,
衢,
衣,
表,錶
衫,
衰,
衷,
袁,
袂,
袈,
袋,帒
袍,
袒,襢
袖,褎
袞,衮
被,
袱,
裁,
裂,
裊,袅嫋嬝
裏,裡里
裔,
裕,
裘,
裙,帬裠
補,补
裝,装
裟,
裨,
裳,
裴,裵
裸,躶
裹,
製,制
裾,
褂,
複,复復
褐,褐
褒,襃
褓,緥褴
褚,
褥,
褪,
褫,裭
褲,裤絝綯绔袴
褶,
褸,褛
褻,亵䙝褺
襄,㐮
襖,袄澳𥜌
襟,衿
襠,裆
襤,褴繿
襪,袜韈韤
襬,䙓摆
襯,衬儭
襲,袭
西,
要,
覃,
覆,复復
覈,核
見,见
規,规槻
覓,觅覔
視,视眎視
覦,觎
親,亲
覬,觊
覲,觐
覺,觉覚斍覐
覽,览覧
觀,观観覌
角,甪
解,觧
觴,觞
觸,触
言,訁讠
訂,订
訃,讣
計,计
訊,讯
訌,讧
討,讨
訐,讦
訓,训
訕,讪
訖,讫
託,托讬侂
記,记
訛,讹譌
訝,讶
訟,讼
訣,诀
訥,讷吶
訪,访
設,设
許,许
訴,诉愬
診,诊
註,注
証,证證
詁,诂
詆,诋
詐,诈
詔,诏
評,评
詛,诅
詞,词
詠,咏
詢,询
詣,诣
試,试
詩,诗
詫,诧
詬,诟訽
詭,诡
詮,诠
詰,诘
話,话䛡
該,该
詳,详
詹,
詼,诙
誅,诛
誇,夸侉
誌,志
認,认
誑,诳
誓,
誕,诞𧩙
誘,诱䛻
語,语
誠,诚
誡,诫
誣,诬
誤,误悞
誥,诰
誦,诵
誨,诲
說,説说
誰,谁
課,课
誹,诽
誼,谊
調,调
諂,谄
諄,谆
談,谈譚
諉,诿餵
請,请
諍,诤
諒,谅
論,论
諜,谍
諦,谛
諧,谐龤
諫,谏𫍝諌
諭,谕
諮,咨谘
諱,讳
諷,讽
諸,诸諸
諺,谚
諾,诺
謀,谋
謁,谒謁
謂,谓
謄,誊
謊,谎詤
謎,谜
謗,谤
謙,谦
講,讲
謝,谢
謠,谣謡
謨,谟
謬,谬
謹,谨謹
譁,哗嘩
證,证証
譎,谲憰
譏,讥
識,识
譚,谭談
譜,谱諩
譟,噪
警,儆
譬,
譭,毁䛼
譯,译訳
議,议
譴,谴
護,护
譽,誉
讀,读読
變,变変
讎,雠仇讐
讒,谗
讓,让譲
讖,谶
讚,赞讃
谷,穀
谿,嵠
豁,
豆,荳
豈,岂
豉,
豌,
豎,竖竪
豐,丰豊
豔,艳艶艷豓
豕,
豚,豘
象,
豢,
豪,
豫,予預
豬,猪
豹,
豺,犲
貂,
貉,狢
貊,貘
貌,皃
貍,狸
貓,猫
貝,贝
貞,贞
負,负
財,财㒲
貢,贡
貧,贫
貨,货
販,贩𧶶
貪,贪
貫,贯
責,责
貯,贮
貲,赀
貳,贰弐二弍
貴,贵
貶,贬
買,买𧹒
貸,贷
費,费
貼,贴
貽,贻
貿,贸
賀,贺
賁,贲
賂,赂
賃,赁
賄,贿
賅,赅侅賌
資,资
賈,贾
賊,贼戝
賑,赈
賒,赊賖
賓,宾賔賓
賙,赒周
賜,赐
賞,赏
賠,赔
賢,贤贒
賣,卖売𧶠
賤,贱
賦,赋
質,质貭
賬,账帳𧹔
賭,赌
賴,赖頼
賺,赚贃
購,购
賽,赛
贅,赘
贈,赠贈
贊,赞賛
贍,赡
贏,赢
贓,赃賍贜
贖,赎
贗,贋赝偐
贛,赣
赤,𤆍
赦,
赧,𧹞
赫,
赭,
走,赱
赳,
赴,
起,
趁,趂
超,
越,
趕,赶
趙,赵
趟,
趣,
趨,趋
足,
趴,
趾,
跆,
跋,
跌,
跎,𧿶
跑,
跚,
跛,
距,
跟,
跡,迹蹟
跤,
跨,
跪,
路,
跳,趒
跺,跥
跼,
踊,踴
踏,蹋
踐,践
踝,
踟,
踢,
踩,
踪,蹤
踫,
踱,
踵,歱
踹,跴
蹂,
蹄,蹏
蹈,
蹉,
蹊,
蹋,踏蹹
蹙,
蹟,迹跡
蹣,蹒
蹤,踪踨
蹦,
蹬,
蹭,
蹲,
蹴,蹵
蹶,
蹺,跷屩蹻
蹼,
躁,趮
躂,跶
躅,䠱
躇,
躉,趸
躊,踌
躍,跃趯
躑,踯
躡,蹑
躪,躏
身,
躬,躳
躭,眈耽
躲,躱
躺,
軀,躯
車,车
軋,轧
軌,轨
軍,军
軒,轩
軔,轫
軛,轭
軟,软輭
軸,轴
軻,轲
軼,轶
軾,轼
較,较
載,载
輊,轾
輒,辄輙
輓,挽
輔,辅
輕,轻軽
輛,辆輌
輜,辎輺
輝,辉煇
輟,辍
輦,辇
輩,辈軰
輪,轮
輯,辑
輸,输
輻,辐
輾,辗
輿,舆轝
轂,毂
轄,辖鎋
轅,辕
轉,转転
轍,辙
轎,轿
轔,辚
轟,轰軣
轡,辔
辛,
辜,
辟,避闢
辣,辢
辦,办
辨,弁辧辯
辭,辞辤
辮,辫
辯,辩弁辨
辰,
辱,
農,农莀
込,
迂,遇
迄,
迅,
迆,
迎,
近,
返,
迢,
迤,
迥,逈
迦,
迪,廸
迫,廹
迭,疊
述,
迴,回廻
迷,
迸,逬
迺,乃廼
追,
退,
送,
适,適
逃,迯
逅,
逆,
逍,
透,
逐,
途,
逕,迳徑
逖,逷
逗,
這,这
通,
逛,
逝,
逞,
速,
造,
逢,
連,连
逮,迨
週,周
進,进
逵,
逸,逸
逼,偪
逾,踰
遁,
遂,
遇,迂
遊,游
運,运
遍,徧
過,过
遏,
遐,
遑,徨
道,
達,达逹
違,违
遘,
遙,遥
遜,逊愻
遞,递逓
遠,远逺
遡,溯泝
遣,
遨,
適,适
遭,蹧
遮,
遲,迟遅遟
遴,
遵,
遷,迁
選,选
遺,遗
遼,辽
遽,
避,辟
邀,
邁,迈
邂,
還,还
邇,迩
邊,边辺邉
邏,逻
邐,逦
邑,
邕,雍𪪝
邢,郉
那,
邦,
邨,村
邪,
邱,
邵,
邸,
郁,喐鬱
郊,
郎,郞
郞,郎
郡,
部,卩
郭,
郵,邮
都,都
鄂,
鄉,乡郷鄕
鄒,邹
鄕,郷鄉
鄙,
鄧,邓
鄭,郑
鄰,邻隣
鄱,
鄹,郰
酉,丣
酊,
酋,
酌,
配,
酎,
酒,
酗,
酢,醋
酣,
酥,
酩,
酪,
酬,詶酧醻
酵,
酷,
酸,痠
醃,腌
醇,䣩
醉,酔
醋,酢
醒,
醜,丑
醞,醖酝
醣,糖
醫,医
醬,酱醤
醺,
釀,酿醸
釁,衅
采,埰寀採釆
釉,
釋,释釈
里,裏裡
重,
野,埜
量,
釐,厘
金,釒钅
釗,钊
釘,钉
釜,釡
針,针箴鍼
釣,钓
釦,扣
釧,钏
釵,钗
鈅,钥
鈉,钠
鈍,钝
鈐,钤
鈔,钞
鈕,纽钮
鈞,钧銁
鈡,钟鍾
鈣,钙
鈴,铃
鈷,钴
鈸,钹
鈽,钸
鈾,铀
鉀,钾
鉅,巨钜
鉆,钻鉗鑽
鉋,铇刨
鉑,铂
鉗,钳箝鉆
鉛,铅鈆
鉢,缽钵
鉤,鈎钩
鉸,铰
鉻,铬
銀,银
銃,铳
銅,铜
銓,铨
銖,铢
銘,铭
銜,衔㘅
銬,铐
銳,鋭锐
銷,销
銻,锑
銼,锉
鋁,铝
鋅,锌
鋒,锋
鋤,锄耡鉏
鋪,铺舖舗
鋭,锐銳
鋸,锯
鋼,钢
錄,录録
錐,锥
錘,锤鎚
錚,铮
錠,锭
錢,钱銭
錦,锦
錨,锚
錫,锡
錮,锢
錯,错
錳,锰
錶,表
鍊,炼链𫔀錬
鍋,锅
鍍,镀
鍛,锻煅
鍥,锲
鍬,锹鍫
鍰,锾鐶
鍵,键
鍼,针箴針
鍾,钟锺鈡鐘
鎂,镁
鎅,
鎊,镑
鎌,镰鐮
鎔,镕熔
鎖,锁鎻鏁
鎢,钨
鎬,镐
鎭,镇鎮
鎮,镇鎭
鎳,镍
鏃,镞
鏈,链
鏍,镙
鏑,镝
鏖,
鏗,铿
鏘,锵
鏚,戚
鏜,镗鐺
鏝,镘
鏟,铲剗剷
鏡,镜
鏢,镖鑣
鏤,镂
鏽,锈銹鏥
鐃,铙
鐘,钟鍾
鐮,镰劆鎌
鐲,镯
鐳,镭
鐵,铁鉄銕鐡
鐸,铎鈬
鐺,铛鏜
鑄,铸鋳
鑑,鉴鑒
鑒,鉴鑑
鑛,鉱礦
鑠,铄
鑣,镳鏢
鑰,钥
鑲,镶
鑼,锣
鑽,钻鉆鑚
鑾,銮
鑿,凿
長,长
門,门
閂,闩
閃,闪
閉,闭閇
開,开𫔭
閏,闰閠
閑,闲閒
閒,闲𫔮閑間
間,间閒
閔,闵
閘,闸
閡,阂
閣,阁
閤,合闔阖
閥,阀
閨,闺
閩,闽
閭,闾
閱,閲阅
閻,阎閆闫
闆,板
闇,暗
闈,闱
闊,阔濶
闋,阕
闌,阑
闐,阗
闔,阖閤
闖,闯
關,关関寡闗
闡,阐
闢,辟
阜,
阡,仟
阪,坂
阮,
阱,穽
防,
阻,
阿,
陀,陁
附,
陋,
陌,
降,夅
限,
陛,
陝,陕陜
陡,阧
院,
陣,阵𨸬
除,
陪,
陰,阴隂霒𩃬
陲,
陳,陈
陴,
陵,
陶,匋
陷,陥
陸,陆
陽,阳昜氜
隅,
隆,隆
隊,队
隋,陏
隍,堭
階,阶堦
隔,
隕,陨殒殞磒
隘,
隙,郄𨻶
際,际
障,
隣,鄰
隧,𡑞
隨,随
險,险険礆
隱,隐隠乚
隴,陇
隷,隸
隸,隶隷
隻,只
雀,
雁,鳫鴈
雄,
雅,
集,亼
雇,僱
雉,
雋,隽
雌,
雍,邕𪪝
雕,㓮彫琱鵰
雖,虽
雙,双
雛,雏鶵
雜,杂雑襍
雞,鸡鶏鳮鷄
離,离
難,难難
雨,
雪,
雯,
雰,
雲,云
零,
雷,
雹,
電,电
需,
霄,
霆,
震,
霉,黴
霍,癨
霎,
霏,
霑,
霓,蜺
霖,
霜,孀
霞,
霧,雾
霪,
露,
霸,覇
霹,
霽,霁
霾,
靂,雳
靄,霭
靈,灵霊
靑,青
青,靑
靖,
靚,靓靜
靛,
靜,静靚
非,
靠,
靡,
面,麪麵
靦,䩄腼覥
靨,靥
革,
靴,鞾
靶,
靼,
鞅,
鞋,鞵𩋘
鞍,鞌
鞏,巩
鞘,韒
鞠,
鞣,
鞦,秋鞧
鞭,
韃,鞑
韆,千
韋,韦
韌,韧肕靭靱
韓,韩
韜,韬弢
韭,韮
音,
韶,
韻,韵
響,响響
頁,页
頂,顶𩠑
頃,顷
項,项
順,顺
須,须湏
頊,顼
頌,颂
預,预豫
頑,顽
頒,颁朌
頓,顿
頗,颇
領,领
頡,颉
頤,颐頉頣
頬,頰
頭,头
頰,颊頬
頷,颔
頸,颈頚
頹,颓頽
頻,频頻
顆,颗
題,题
額,额頟
顎,颚齶
顏,颜顔
顓,颛
願,愿𫖸
顛,颠顚
類,类類𩔗
顧,顾頋
顫,颤
顯,显顕
顰,颦嚬
顱,颅髗
風,风凨
颯,飒
颱,台
颳,刮
颶,飓
颺,飏
颼,飕䬒
飄,飘飃
飛,飞
飜,翻
食,饣
飢,饥饑
飧,飱
飩,饨
飪,饪䏕䭃餁
飭,饬
飮,飲饮
飯,饭飰
飲,饮飮
飴,饴
飼,饲飤
飽,饱
飾,饰餙餝
餃,饺
餅,饼餠
餉,饷饟
養,养
餌,饵
餐,
餒,馁餧
餓,饿
餘,余馀
餚,肴
餛,馄餫
餞,饯
餡,馅
館,馆舘
餵,喂𫗭諉
餸,𩠌
餽,饋馈
餾,馏
餿,馊
饃,馍
饅,馒
饋,馈櫃餽
饑,饥飢
饒,饶
饜,餍
饞,馋嚵
首,
香,
馥,
馨,
馬,马
馭,驭御
馮,冯
馱,驮䭾駄
馳,驰
馴,驯
駁,驳駮
駄,馱
駐,驻
駑,驽
駒,驹
駕,驾
駙,驸
駛,驶𩢲
駝,驼駞
駟,驷
駢,骈騈
駭,骇
駱,骆
駿,骏
騁,骋
騎,骑
騖,骛
騙,骗騗
騫,骞
騮,骝驑
騰,腾駦
騷,骚騒
騾,骡驘
驀,蓦
驃,骠
驅,驱駆敺駈𢿛
驕,骄
驗,验験騐
驚,惊
驛,驿駅
驟,骤
驢,驴馿
驣,
驥,骥
驪,骊
骨,
骯,肮
骰,
骷,
骸,
骼,
髏,髅
髒,脏
髓,髄膸
體,体躰軆骵
高,髙
髦,氂牦犛
髭,
髮,发髪
髯,髥
髻,䯻
鬃,騌騣骔
鬆,松
鬍,胡
鬚,须
鬢,鬓鬂
鬥,斗闘鬦鬪鬬鬭
鬧,闹閙
鬨,哄閧
鬪,闘鬥鬦鬬鬭
鬱,郁欝鬰
鬲,
鬼,
魁,
魂,䰟
魄,
魅,
魏,巍
魔,
魘,魇
魚,鱼
魯,鲁
魷,鱿鰌鰍
鮑,鲍
鮪,鲔
鮫,鲛
鮮,鲜尟尠鱻
鯉,鲤
鯊,鲨魦鯋
鯧,鲳䱽
鯨,鲸
鯽,鲫
鰍,鳅魷鰌
鰓,鳃
鰥,鳏
鰭,鳍
鰱,鲢
鰻,鳗
鰾,鳔
鱉,鼈鳖龞
鱔,鳝鱓
鱖,鳜
鱗,鳞
鱷,鳄鰐
鱸,鲈
鳥,鸟
鳩,鸠
鳳,凤鳯
鳴,鸣
鳶,鸢
鴆,鸩酖
鴉,鸦鵶
鴒,鸰
鴕,鸵
鴛,鸳
鴣,鸪
鴦,鸯
鴨,鸭
鴻,鸿
鴿,鸽
鵑,鹃
鵝,鹅鵞
鵠,鹄
鵡,鹉
鵪,鹌
鵬,鹏
鵰,雕𫛲
鵲,鹊
鶉,鹑
鶯,莺鴬鸎
鶴,鹤
鷂,鹞
鷄,鸡雞鳮鶏
鷓,鹧
鷗,鸥鴎
鷥,鸶
鷹,鹰
鷺,鹭
鸚,鹦
鸞,鸾鵉
鹵,卤
鹹,咸
鹼,碱鹸堿硷鹻
鹽,盐塩䀋𥂁
鹿,
麂,
麋,
麒,
麓,梺
麗,丽
麝,
麟,麐
麥,麦
麩,麸
麪,麵面麺
麴,曲麹麯
麻,菻蔴
麼,么麽庅
麾,
黃,黄
黍,
黎,
黏,粘
黑,黒
黔,
默,黙嘿
黛,
黜,
黝,
點,点奌
黠,
黨,党
黯,
黴,霉
黷,黩
鼇,鰲
鼎,𪔂
鼓,皷皼鼔
鼕,冬
鼙,
鼠,鼡
鼬,
鼴,鼹
鼻,
鼾,
齊,齐斉亝
齋,斋斎
齒,齿歯
齜,龇
齟,龃
齡,龄齢
齣,出
齦,龈啃
齪,龊
齬,龉
齲,龋
齷,龌
龍,龙竜尨龒
龐,庞厐厖龎
龔,龚
龜,龟亀
更,
車,
金,
樂,
率,
不,
宅,
